{"cameraMode":{"drawMode":0,"name":"Shaded","section":"Shading Mode"},"sceneLighting":true,"audioPlay":false,"sceneViewState":{"showFog":false,"showMaterialUpdate":false,"showSkybox":false,"showFlares":false,"showImageEffects":false,"showParticleSystems":false},"in2DMode":false,"pivot":{"x":93.58154296875,"y":5.570000171661377,"z":105.20999145507813},"rotation":{"x":0.046490300446748736,"y":-0.6730273365974426,"z":0.04245492443442345,"w":0.7369388341903687},"size":3.373434543609619,"orthographic":false}