{"cameraMode":{"drawMode":0,"name":"Shaded","section":"Shading Mode"},"sceneLighting":false,"audioPlay":false,"sceneViewState":{"showFog":true,"showMaterialUpdate":false,"showSkybox":false,"showFlares":true,"showImageEffects":true,"showParticleSystems":true},"in2DMode":false,"pivot":{"x":-0.04455298185348511,"y":2.025357484817505,"z":-7.175873756408691},"rotation":{"x":-0.16095347702503205,"y":0.2421519160270691,"z":-0.04077203571796417,"w":-0.9559268355369568},"size":2.865987539291382,"orthographic":false}