{"cameraMode":{"drawMode":0,"name":"Shaded","section":"Shading Mode"},"sceneLighting":false,"audioPlay":false,"sceneViewState":{"showFog":true,"showMaterialUpdate":false,"showSkybox":false,"showFlares":true,"showImageEffects":true,"showParticleSystems":true},"in2DMode":false,"pivot":{"x":0.23365622758865357,"y":1.9457322359085084,"z":-7.123503684997559},"rotation":{"x":-0.08067335933446884,"y":0.11545413732528687,"z":-0.009408233687281609,"w":-0.9899871945381165},"size":1.6659877300262452,"orthographic":false}