{"cameraMode":{"drawMode":0,"name":"Shaded","section":"Shading Mode"},"sceneLighting":false,"audioPlay":false,"sceneViewState":{"showFog":false,"showMaterialUpdate":false,"showSkybox":false,"showFlares":false,"showImageEffects":false,"showParticleSystems":false},"in2DMode":false,"pivot":{"x":100.55677795410156,"y":5.588495254516602,"z":101.17459106445313},"rotation":{"x":0.014230448752641678,"y":-0.9783996343612671,"z":0.07204201072454453,"w":0.19325296580791474},"size":3.692277669906616,"orthographic":false}