{"cameraMode":{"drawMode":0,"name":"Shaded","section":"Shading Mode"},"sceneLighting":false,"audioPlay":false,"sceneViewState":{"showFog":true,"showMaterialUpdate":false,"showSkybox":false,"showFlares":true,"showImageEffects":true,"showParticleSystems":true},"in2DMode":false,"pivot":{"x":0.04455298185348511,"y":0.025357574224472047,"z":0.17587314546108247},"rotation":{"x":-0.009505828842520714,"y":0.9893720746040344,"z":-0.07614333927631378,"w":-0.12351463735103607},"size":2.8659873008728029,"orthographic":false}